{"cameraMode":{"drawMode":0,"name":"Shaded","section":"Shading Mode"},"sceneLighting":false,"audioPlay":false,"sceneViewState":{"showFog":true,"showMaterialUpdate":false,"showSkybox":false,"showFlares":true,"showImageEffects":true,"showParticleSystems":true},"in2DMode":false,"pivot":{"x":3.3400001525878908,"y":0.8299999833106995,"z":0.0},"rotation":{"x":0.011175909079611302,"y":-0.5608720779418945,"z":0.0075722141191363338,"w":0.8277934789657593},"size":14.18696117401123,"orthographic":false}